{"cameraMode":{"drawMode":0,"name":"Shaded","section":"Shading Mode"},"sceneLighting":false,"audioPlay":false,"sceneViewState":{"m_AlwaysRefresh":false,"showFog":true,"showSkybox":true,"showFlares":true,"showImageEffects":true,"showParticleSystems":true,"showVisualEffectGraphs":true,"m_FxEnabled":false},"in2DMode":false,"pivot":{"x":-3.93999981880188,"y":0.029999956488609315,"z":3.870002269744873},"rotation":{"x":0.38875678181648257,"y":0.015177641995251179,"z":-0.006468151230365038,"w":0.9212730526924133},"size":7.354074001312256,"orthographic":true}