{"cameraMode":{"drawMode":0,"name":"Shaded","section":"Shading Mode"},"sceneLighting":true,"audioPlay":false,"sceneViewState":{"m_AlwaysRefresh":false,"showFog":true,"showSkybox":true,"showFlares":true,"showImageEffects":true,"showParticleSystems":true,"showVisualEffectGraphs":true,"m_FxEnabled":true},"in2DMode":false,"pivot":{"x":2.07100772857666,"y":0.0700172707438469,"z":-0.6695156097412109},"rotation":{"x":-0.39564263820648196,"y":-0.013226024806499482,"z":0.005700454115867615,"w":-0.9183005690574646},"size":4.179646015167236,"orthographic":true}